ticker,timestamp,open,high,low,close,volume
VN30,2022-08-29 00:00,1296.03,1296.03,1275.4,1293.25,173563900.0
VN30,2022-08-30 00:00,1293.41,1307.12,1293.41,1298.14,112402300.0
VN30,2022-08-31 00:00,1295.71,1306.45,1294.34,1301.44,102743200.0
VN30,2022-09-05 00:00,1300.5,1305.62,1294.44,1298.15,109232200.0
VN30,2022-09-06 00:00,1298.74,1305.9,1296.58,1299.06,120583700.0
VN30,2022-09-07 00:00,1297.31,1298.17,1268.95,1268.95,186486100.0
VN30,2022-09-08 00:00,1277.63,1279.34,1265.57,1265.57,123700800.0
VN30,2022-09-09 00:00,1273.37,1275.64,1259.35,1275.64,160990000.0
VN30,2022-09-12 00:00,1281.62,1285.17,1275.45,1275.6,100415736.0
VN30,2022-09-13 00:00,1277.48,1279.55,1271.22,1272.48,94065400.0
VN30,2022-09-14 00:00,1254.44,1262.8,1250.98,1260.88,142289600.0
VN30,2022-09-15 00:00,1267.24,1269.54,1260.51,1262.82,100855503.0
VN30,2022-09-16 00:00,1259.9,1263.97,1248.13,1252.78,155329900.0
VN30,2022-09-19 00:00,1251.43,1253.45,1225.18,1229.88,151641011.0
VN30,2022-09-20 00:00,1235.93,1241.07,1224.96,1241.07,93793700.0
VN30,2022-09-21 00:00,1235.84,1236.05,1223.02,1228.2,74977165.0
VN30,2022-09-22 00:00,1217.63,1229.26,1210.65,1228.94,94760981.0
VN30,2022-09-23 00:00,1227.34,1230.72,1213.74,1215.41,85925934.0
VN30,2022-09-26 00:00,1199.39,1201.89,1172.37,1187.22,169125297.0
VN30,2022-09-27 00:00,1190.46,1193.79,1181.43,1182.46,82495496.0
VN30,2022-09-28 00:00,1173.82,1177.58,1160.66,1160.66,90819846.0
VN30,2022-09-29 00:00,1166.59,1177.21,1147.44,1147.44,88092778.0
VN30,2022-09-30 00:00,1140.18,1158.2,1128.57,1152.01,150912102.0
VN30,2022-10-03 00:00,1141.87,1144.95,1094.49,1102.0,156244153.0
VN30,2022-10-04 00:00,1113.8,1117.87,1088.41,1097.72,144936044.0
VN30,2022-10-05 00:00,1114.6,1128.94,1112.26,1117.38,111885290.0
VN30,2022-10-06 00:00,1117.7,1119.76,1079.75,1081.36,139132994.0
VN30,2022-10-07 00:00,1064.72,1067.03,1027.64,1039.54,259073007.0
VN30,2022-10-10 00:00,1025.48,1052.24,1011.44,1038.93,175943046.0
VN30,2022-10-11 00:00,1031.12,1031.12,987.27,1001.68,198813600.0
VN30,2022-10-12 00:00,1004.53,1039.33,999.0,1034.93,149025848.0
VN30,2022-10-13 00:00,1034.2,1051.24,1020.97,1051.24,125773835.0
VN30,2022-10-14 00:00,1068.63,1070.3,1054.82,1061.39,146026313.0
VN30,2022-10-17 00:00,1051.23,1051.42,1028.34,1047.2,115719738.0
VN30,2022-10-18 00:00,1061.06,1068.9,1051.85,1059.06,119397020.0
VN30,2022-10-19 00:00,1061.12,1062.27,1044.69,1053.65,101706334.0
VN30,2022-10-20 00:00,1049.96,1060.79,1041.08,1053.26,112393696.0
VN30,2022-10-21 00:00,1055.34,1055.34,1002.09,1010.57,190652861.0
VN30,2022-10-24 00:00,1011.54,1013.24,961.79,973.88,169908119.0
VN30,2022-10-25 00:00,971.29,1006.69,950.19,991.52,180001549.0
VN30,2022-10-26 00:00,995.73,999.59,979.4,990.41,74337124.0
VN30,2022-10-27 00:00,992.95,1028.5,986.54,1028.5,158331052.0
VN30,2022-10-28 00:00,1036.94,1046.04,1024.74,1029.49,146134325.0
VN30,2022-10-31 00:00,1027.57,1031.66,999.47,1026.84,187546506.0
VN30,2022-11-01 00:00,1028.23,1049.77,1028.23,1038.09,243969037.0
VN30,2022-11-02 00:00,1037.47,1039.42,1020.48,1025.18,167960841.0
VN30,2022-11-03 00:00,1012.9,1029.53,1010.57,1023.8,120487750.0
VN30,2022-11-04 00:00,1006.52,1009.0,971.72,997.92,256528166.0
VN30,2022-11-07 00:00,992.4,999.43,968.84,972.85,179155962.0
VN30,2022-11-08 00:00,957.88,981.51,950.81,980.09,185843137.0
VN30,2022-11-09 00:00,980.92,993.28,969.19,979.68,166528389.0
VN30,2022-11-10 00:00,969.79,969.79,925.02,936.8,252650412.0
VN30,2022-11-11 00:00,946.68,963.55,941.84,948.86,213548777.0
VN30,2022-11-14 00:00,945.97,945.97,913.5,936.31,212025067.0
VN30,2022-11-15 00:00,923.2,927.37,893.49,904.77,218178603.0
VN30,2022-11-16 00:00,878.24,942.56,863.31,940.29,250037971.0
VN30,2022-11-17 00:00,941.77,975.42,941.77,971.04,184750459.0
VN30,2022-11-18 00:00,967.82,977.19,941.18,971.2,264153101.0
VN30,2022-11-21 00:00,970.64,972.15,951.62,956.89,132134595.0
VN30,2022-11-22 00:00,956.31,985.18,941.85,945.54,368756651.0
VN30,2022-11-23 00:00,939.08,951.86,933.26,938.73,154647653.0
VN30,2022-11-24 00:00,932.69,941.69,925.55,940.76,136369271.0
VN30,2022-11-25 00:00,948.66,967.49,947.56,967.49,170946078.0
VN30,2022-11-28 00:00,974.42,1006.06,974.23,1004.34,398198162.0
VN30,2022-11-29 00:00,1007.58,1029.04,995.12,1029.04,366482223.0
VN30,2022-11-30 00:00,1034.78,1049.21,1018.59,1049.21,264787837.0
VN30,2022-12-01 00:00,1059.8,1073.32,1040.95,1042.64,434563695.0
VN30,2022-12-02 00:00,1038.11,1092.99,1037.08,1092.99,331278771.0
VN30,2022-12-05 00:00,1094.39,1120.56,1094.39,1110.94,375190697.0
VN30,2022-12-06 00:00,1109.5,1109.5,1054.06,1054.06,405756539.0
VN30,2022-12-07 00:00,1051.55,1064.73,1037.15,1047.58,242164006.0
VN30,2022-12-08 00:00,1061.99,1093.64,1055.63,1062.73,304642656.0
VN30,2022-12-09 00:00,1069.38,1076.67,1051.62,1065.08,236921811.0
VN30,2022-12-12 00:00,1071.27,1073.44,1037.42,1037.42,219978681.0
VN30,2022-12-13 00:00,1038.63,1056.43,1028.37,1056.43,241979930.0
VN30,2022-12-14 00:00,1056.76,1071.02,1052.25,1056.17,192579911.0
VN30,2022-12-15 00:00,1055.8,1076.03,1055.49,1068.08,248684661.0
VN30,2022-12-16 00:00,1061.58,1077.27,1058.88,1064.07,249679571.0
VN30,2022-12-19 00:00,1063.72,1081.55,1050.22,1050.22,258471104.0
VN30,2022-12-20 00:00,1048.17,1049.39,1015.66,1029.79,283560309.0
VN30,2022-12-21 00:00,1041.05,1041.65,1011.9,1033.1,212869654.0
VN30,2022-12-22 00:00,1033.72,1048.84,1031.29,1038.34,188549510.0
VN30,2022-12-23 00:00,1037.91,1041.37,1022.51,1034.13,129891329.0
VN30,2022-12-26 00:00,1032.42,1033.17,987.77,987.77,175287677.0
VN30,2022-12-27 00:00,988.87,1015.01,985.67,1007.36,153705262.0
VN30,2022-12-28 00:00,1009.19,1023.24,997.12,1013.95,123295399.0
VN30,2022-12-29 00:00,1013.95,1022.15,1008.3,1008.3,121061713.0
VN30,2022-12-30 00:00,1016.71,1017.45,1005.19,1005.19,95646949.0
VN30,2023-01-03 00:00,1010.52,1047.25,1010.03,1047.25,159655387.0
VN30,2023-01-04 00:00,1051.66,1059.01,1046.61,1050.15,172272391.0
VN30,2023-01-05 00:00,1052.32,1065.99,1051.6,1061.9,164326098.0
VN30,2023-01-06 00:00,1060.14,1075.33,1053.29,1057.4,192747383.0
VN30,2023-01-09 00:00,1065.24,1068.77,1056.64,1061.14,126346158.0
VN30,2023-01-10 00:00,1062.22,1066.08,1052.09,1060.53,126803216.0
VN30,2023-01-11 00:00,1065.69,1076.22,1063.96,1065.22,161565298.0
VN30,2023-01-12 00:00,1068.47,1072.81,1059.52,1066.24,113879596.0
VN30,2023-01-13 00:00,1071.91,1077.45,1063.68,1069.86,149089445.0
VN30,2023-01-16 00:00,1072.44,1076.97,1066.78,1075.71,126858752.0
VN30,2023-01-17 00:00,1077.48,1103.73,1077.48,1103.73,208016190.0
VN30,2023-01-18 00:00,1106.89,1117.23,1104.98,1115.72,152941676.0
VN30,2023-01-19 00:00,1110.5,1126.12,1108.96,1121.92,198738625.0
VN30,2023-01-27 00:00,1128.45,1142.08,1125.12,1130.65,166064105.0
VN30,2023-01-30 00:00,1132.45,1132.97,1113.95,1113.95,199105010.0
VN30,2023-01-31 00:00,1112.6,1125.07,1098.65,1125.07,197967689.0
VN30,2023-02-01 00:00,1128.13,1130.2,1088.09,1088.09,285611066.0
VN30,2023-02-02 00:00,1093.55,1099.39,1082.97,1093.48,164087290.0
VN30,2023-02-03 00:00,1094.14,1095.87,1081.05,1085.7,184413551.0
VN30,2023-02-06 00:00,1078.72,1094.45,1073.44,1094.37,144719122.0
VN30,2023-02-07 00:00,1094.51,1096.93,1068.71,1069.5,192878460.0
VN30,2023-02-08 00:00,1072.08,1082.89,1064.93,1073.38,154835441.0
VN30,2023-02-09 00:00,1070.32,1076.48,1059.91,1059.91,137779325.0
VN30,2023-02-10 00:00,1060.91,1064.53,1048.13,1048.74,112898739.0
VN30,2023-02-13 00:00,1044.49,1045.6,1024.98,1040.4,156840349.0
VN30,2023-02-14 00:00,1040.85,1042.96,1030.51,1034.93,110808200.0
VN30,2023-02-15 00:00,1032.58,1048.85,1028.11,1043.34,180596220.0
VN30,2023-02-16 00:00,1047.66,1055.26,1040.01,1055.26,122273518.0
VN30,2023-02-17 00:00,1055.29,1057.59,1047.13,1053.72,121169934.0
VN30,2023-02-20 00:00,1052.38,1087.36,1052.36,1087.36,190249238.0
VN30,2023-02-21 00:00,1089.77,1096.35,1080.12,1080.9,162784094.0
VN30,2023-02-22 00:00,1078.98,1078.98,1051.08,1051.08,185438909.0
VN30,2023-02-23 00:00,1050.07,1050.95,1026.92,1050.95,171955310.0
VN30,2023-02-24 00:00,1048.22,1048.27,1027.16,1030.42,95855080.0
VN30,2023-02-27 00:00,1028.67,1028.67,1006.32,1011.46,135239763.0
VN30,2023-02-28 00:00,1018.66,1026.65,1009.18,1014.96,89528495.0
VN30,2023-03-01 00:00,1013.83,1034.43,1001.05,1034.43,116954020.0
VN30,2023-03-02 00:00,1032.84,1037.73,1025.13,1028.73,89286215.0
VN30,2023-03-03 00:00,1029.59,1033.71,1011.61,1013.35,87613081.0
VN30,2023-03-06 00:00,1022.57,1034.56,1014.26,1014.26,116889318.0
VN30,2023-03-07 00:00,1025.78,1037.97,1024.02,1027.16,144500212.0
VN30,2023-03-08 00:00,1017.35,1040.59,1017.35,1040.59,141351869.0
VN30,2023-03-09 00:00,1042.11,1056.56,1041.49,1050.28,184317042.0
VN30,2023-03-10 00:00,1044.51,1049.45,1039.59,1047.2,128949162.0
VN30,2023-03-13 00:00,1042.6,1053.64,1041.25,1050.07,194918539.0
VN30,2023-03-14 00:00,1047.47,1049.35,1032.51,1037.35,168411886.0
VN30,2023-03-15 00:00,1040.63,1064.65,1040.63,1064.38,188635717.0
VN30,2023-03-16 00:00,1056.81,1059.61,1039.89,1046.99,149092317.0
VN30,2023-03-17 00:00,1053.48,1055.2,1043.28,1047.71,181712463.0
VN30,2023-03-20 00:00,1041.86,1042.07,1021.67,1024.5,145510609.0
VN30,2023-03-21 00:00,1031.34,1036.18,1016.77,1035.04,138418583.0
VN30,2023-03-22 00:00,1035.49,1046.48,1035.04,1043.14,138759239.0
VN30,2023-03-23 00:00,1038.93,1046.6,1033.23,1046.6,112110009.0
VN30,2023-03-24 00:00,1049.05,1056.67,1047.46,1051.42,157979870.0
VN30,2023-03-27 00:00,1052.68,1059.65,1046.8,1056.45,163146875.0
VN30,2023-03-28 00:00,1060.85,1064.68,1055.81,1058.82,188815652.0
VN30,2023-03-29 00:00,1059.87,1061.45,1053.12,1061.45,136556935.0
VN30,2023-03-30 00:00,1067.25,1073.93,1065.52,1067.24,182278565.0
VN30,2023-03-31 00:00,1067.72,1078.15,1067.72,1073.68,187322590.0
VN30,2023-04-03 00:00,1080.9,1088.83,1080.9,1088.72,231191347.0
VN30,2023-04-04 00:00,1090.07,1091.13,1084.04,1088.34,181913647.0
VN30,2023-04-05 00:00,1088.33,1089.83,1082.73,1089.83,193542280.0
VN30,2023-04-06 00:00,1091.15,1093.99,1078.86,1078.86,233265554.0
VN30,2023-04-07 00:00,1079.0,1080.9,1071.6,1078.88,139198068.0
VN30,2023-04-10 00:00,1082.62,1087.6,1074.59,1077.41,192735075.0
VN30,2023-04-11 00:00,1075.76,1082.89,1067.28,1081.71,179555000.0
VN30,2023-04-12 00:00,1083.06,1084.26,1077.86,1080.69,196579527.0
VN30,2023-04-13 00:00,1081.78,1082.21,1072.11,1074.67,156936399.0
VN30,2023-04-14 00:00,1078.36,1079.87,1063.43,1063.43,173473882.0
VN30,2023-04-17 00:00,1063.18,1065.4,1058.55,1065.02,96991775.0
VN30,2023-04-18 00:00,1067.02,1068.54,1060.75,1064.55,122151011.0
VN30,2023-04-19 00:00,1067.67,1067.74,1055.77,1056.14,140570559.0
VN30,2023-04-20 00:00,1056.74,1057.82,1050.35,1053.61,83465751.0
VN30,2023-04-21 00:00,1054.75,1055.48,1045.78,1046.18,147542173.0
VN30,2023-04-24 00:00,1049.24,1054.0,1041.46,1046.17,104527522.0
VN30,2023-04-25 00:00,1046.6,1051.54,1036.93,1037.04,121300558.0
VN30,2023-04-26 00:00,1036.3,1045.24,1029.94,1045.24,125213397.0
VN30,2023-04-27 00:00,1045.78,1048.26,1040.32,1041.54,105540263.0
VN30,2023-04-28 00:00,1045.38,1051.43,1044.56,1051.43,140120787.0
VN30,2023-05-04 00:00,1046.32,1047.93,1038.23,1039.64,126690951.0
VN30,2023-05-05 00:00,1038.51,1042.11,1035.07,1038.46,91908724.0
VN30,2023-05-08 00:00,1041.07,1050.56,1041.04,1049.72,147610095.0
VN30,2023-05-09 00:00,1049.86,1054.49,1049.23,1049.67,104950575.0
VN30,2023-05-10 00:00,1051.62,1055.36,1048.6,1054.99,124332363.0
VN30,2023-05-11 00:00,1058.02,1061.48,1053.62,1054.93,129169644.0
VN30,2023-05-12 00:00,1056.09,1066.44,1051.75,1066.44,168133412.0
VN30,2023-05-15 00:00,1067.26,1080.72,1067.26,1070.9,195832836.0
VN30,2023-05-16 00:00,1072.98,1073.66,1066.92,1069.64,126608549.0
VN30,2023-05-17 00:00,1069.54,1073.87,1062.1,1062.1,153780075.0
VN30,2023-05-18 00:00,1065.39,1076.86,1063.08,1070.76,146733042.0
VN30,2023-05-19 00:00,1072.77,1072.77,1060.72,1068.84,122584601.0
VN30,2023-05-22 00:00,1070.37,1073.89,1068.55,1073.74,141567576.0
VN30,2023-05-23 00:00,1074.26,1076.89,1063.85,1068.05,171261054.0
VN30,2023-05-24 00:00,1072.23,1072.52,1060.83,1061.55,155600216.0
VN30,2023-05-25 00:00,1061.16,1064.24,1057.35,1062.15,137300276.0
VN30,2023-05-26 00:00,1064.26,1064.95,1060.14,1060.81,111013799.0
VN30,2023-05-29 00:00,1063.62,1070.97,1062.79,1069.77,133516083.0
VN30,2023-05-30 00:00,1073.99,1074.46,1066.98,1071.82,169641426.0
VN30,2023-05-31 00:00,1072.72,1074.3,1063.44,1066.33,193512261.0
VN30,2023-06-01 00:00,1065.27,1068.09,1060.29,1068.09,162888526.0
VN30,2023-06-02 00:00,1074.51,1089.22,1073.95,1086.96,263732936.0
VN30,2023-06-05 00:00,1097.53,1100.37,1090.52,1091.08,215317022.0
VN30,2023-06-06 00:00,1091.71,1102.32,1090.95,1102.32,198494952.0
VN30,2023-06-07 00:00,1104.3,1107.09,1100.11,1105.68,266734660.0
VN30,2023-06-08 00:00,1107.86,1110.87,1092.46,1092.46,279499146.0
VN30,2023-06-09 00:00,1095.41,1100.85,1089.37,1100.85,198818335.0
VN30,2023-06-12 00:00,1104.08,1109.63,1092.3,1109.63,181060346.0
VN30,2023-06-13 00:00,1110.95,1115.39,1108.5,1115.39,237773019.0
VN30,2023-06-14 00:00,1116.53,1123.86,1110.6,1110.6,230889954.0
VN30,2023-06-15 00:00,1110.52,1113.23,1104.6,1108.57,171386771.0
VN30,2023-06-16 00:00,1108.59,1125.62,1105.74,1109.06,320825564.0
VN30,2023-06-19 00:00,1110.01,1111.21,1098.31,1098.94,193158860.0
VN30,2023-06-20 00:00,1098.92,1104.27,1095.38,1104.27,145979677.0
VN30,2023-06-21 00:00,1104.24,1112.07,1101.27,1112.07,185915292.0
VN30,2023-06-22 00:00,1119.25,1122.6,1115.57,1117.6,199449924.0
VN30,2023-06-23 00:00,1119.02,1127.29,1117.41,1126.76,231941371.0
VN30,2023-06-26 00:00,1130.04,1134.11,1118.53,1131.23,238717346.0
VN30,2023-06-27 00:00,1134.28,1135.65,1128.2,1134.41,174390537.0
VN30,2023-06-28 00:00,1135.89,1143.53,1131.92,1141.12,255038796.0
VN30,2023-06-29 00:00,1141.81,1142.72,1125.29,1125.29,218092601.0
VN30,2023-06-30 00:00,1125.21,1127.28,1121.21,1123.13,158185062.0
VN30,2023-07-03 00:00,1127.12,1130.09,1120.63,1123.37,140291759.0
VN30,2023-07-04 00:00,1123.54,1128.35,1119.29,1128.0,163515255.0
VN30,2023-07-05 00:00,1131.15,1134.68,1128.19,1129.76,212211285.0
VN30,2023-07-06 00:00,1129.74,1131.54,1115.91,1119.44,224617249.0
VN30,2023-07-07 00:00,1118.2,1129.43,1116.02,1129.43,163682988.0
VN30,2023-07-10 00:00,1134.97,1143.16,1132.73,1143.16,247673070.0
VN30,2023-07-11 00:00,1144.35,1152.16,1143.6,1146.67,233612368.0
VN30,2023-07-12 00:00,1147.63,1150.88,1141.81,1146.54,223092399.0
VN30,2023-07-13 00:00,1152.58,1156.11,1148.71,1156.11,187722147.0
VN30,2023-07-14 00:00,1160.5,1162.16,1146.26,1160.59,287136643.0
VN30,2023-07-17 00:00,1164.52,1166.76,1160.47,1164.58,238617993.0
VN30,2023-07-18 00:00,1163.7,1167.81,1159.05,1166.82,221277318.0
VN30,2023-07-19 00:00,1169.64,1171.07,1165.19,1165.19,198763722.0
VN30,2023-07-20 00:00,1164.69,1168.26,1159.64,1168.26,219015883.0
VN30,2023-07-21 00:00,1167.74,1186.6,1166.55,1186.6,243904830.0
VN30,2023-07-24 00:00,1191.3,1194.04,1182.45,1193.14,265250296.0
VN30,2023-07-25 00:00,1195.13,1202.39,1194.89,1198.01,253439658.0
VN30,2023-07-26 00:00,1198.04,1201.43,1195.31,1201.43,247611029.0
VN30,2023-07-27 00:00,1201.11,1205.35,1192.35,1199.68,263534970.0
VN30,2023-07-28 00:00,1199.9,1212.45,1197.53,1212.45,251723267.0
VN30,2023-07-31 00:00,1224.47,1230.81,1217.02,1230.81,295015238.0
VN30,2023-08-01 00:00,1239.52,1240.99,1222.18,1222.18,328548728.0
VN30,2023-08-02 00:00,1220.7,1226.12,1216.67,1221.32,218669512.0
VN30,2023-08-03 00:00,1219.88,1223.94,1207.43,1210.8,264661724.0
VN30,2023-08-04 00:00,1211.77,1231.42,1211.77,1231.42,321102255.0
VN30,2023-08-07 00:00,1230.38,1250.68,1230.38,1250.68,284154202.0
VN30,2023-08-08 00:00,1252.05,1254.21,1243.84,1247.81,232561516.0
VN30,2023-08-09 00:00,1246.12,1248.52,1235.87,1239.84,249197227.0
VN30,2023-08-10 00:00,1241.59,1243.16,1225.0,1226.2,204603973.0
VN30,2023-08-11 00:00,1235.59,1240.77,1221.03,1240.77,234893187.0
VN30,2023-08-14 00:00,1245.06,1245.96,1234.12,1243.43,228239580.0
VN30,2023-08-15 00:00,1244.31,1244.62,1236.55,1241.24,186057671.0
VN30,2023-08-16 00:00,1240.88,1257.57,1240.88,1256.95,248386551.0
VN30,2023-08-17 00:00,1257.81,1259.5,1247.82,1247.82,281659977.0
VN30,2023-08-18 00:00,1240.54,1243.69,1187.03,1190.1,424147555.0
VN30,2023-08-21 00:00,1190.69,1199.6,1178.54,1190.32,259268513.0
VN30,2023-08-22 00:00,1192.11,1195.97,1158.6,1193.51,267091208.0
VN30,2023-08-23 00:00,1206.61,1207.84,1177.5,1182.97,225177948.0
VN30,2023-08-24 00:00,1184.28,1201.95,1180.46,1201.88,189261209.0
VN30,2023-08-25 00:00,1201.73,1203.52,1190.54,1193.93,186756511.0
VN30,2023-08-28 00:00,1200.26,1213.61,1199.02,1213.4,188028144.0
VN30,2023-08-29 00:00,1215.97,1217.89,1207.72,1215.47,207069271.0
VN30,2023-08-30 00:00,1215.62,1227.68,1214.77,1225.56,214365338.0
VN30,2023-08-31 00:00,1225.93,1235.71,1225.93,1234.53,195172653.0
VN30,2023-09-05 00:00,1241.49,1248.97,1238.6,1244.64,252786223.0
VN30,2023-09-06 00:00,1246.83,1260.03,1238.44,1260.03,250801663.0
VN30,2023-09-07 00:00,1261.35,1268.05,1251.89,1255.22,274401771.0
VN30,2023-09-08 00:00,1252.1,1258.33,1247.95,1249.14,228887274.0
VN30,2023-09-11 00:00,1251.38,1259.48,1227.4,1230.71,328204020.0
VN30,2023-09-12 00:00,1230.7,1255.83,1227.32,1255.83,213508993.0
VN30,2023-09-13 00:00,1258.04,1260.37,1241.95,1247.95,296379202.0
VN30,2023-09-14 00:00,1247.87,1255.75,1231.53,1234.06,288101560.0
VN30,2023-09-15 00:00,1235.25,1244.82,1231.77,1238.81,273278707.0
VN30,2023-09-18 00:00,1235.2,1236.53,1214.74,1223.7,210506347.0
VN30,2023-09-19 00:00,1224.26,1229.61,1212.51,1225.5,226924997.0
VN30,2023-09-20 00:00,1224.64,1237.21,1221.64,1234.57,192888488.0
VN30,2023-09-21 00:00,1234.14,1235.3,1217.78,1219.19,254204187.0
VN30,2023-09-22 00:00,1210.14,1210.14,1180.11,1197.69,362310325.0
VN30,2023-09-25 00:00,1195.36,1199.65,1159.94,1159.94,263979093.0
VN30,2023-09-26 00:00,1161.62,1174.24,1152.44,1153.37,242868255.0
VN30,2023-09-27 00:00,1154.54,1168.6,1141.09,1168.6,190557227.0
VN30,2023-09-28 00:00,1167.96,1168.09,1144.47,1164.45,193725935.0
VN30,2023-09-29 00:00,1169.26,1176.77,1165.15,1166.26,144965618.0
VN30,2023-10-02 00:00,1166.64,1173.06,1159.16,1167.13,119930367.0
VN30,2023-10-03 00:00,1156.86,1158.38,1128.54,1130.89,260368454.0
VN30,2023-10-04 00:00,1129.15,1146.21,1118.74,1138.54,159172209.0
VN30,2023-10-05 00:00,1141.22,1143.34,1124.48,1124.48,131411703.0
VN30,2023-10-06 00:00,1125.62,1141.93,1120.28,1139.78,137632176.0
VN30,2023-10-09 00:00,1139.07,1150.37,1135.67,1150.37,146688897.0
VN30,2023-10-10 00:00,1153.05,1163.47,1153.05,1160.28,155567862.0
VN30,2023-10-11 00:00,1161.87,1167.29,1154.45,1167.29,113807205.0
VN30,2023-10-12 00:00,1167.62,1172.14,1162.0,1165.49,142954001.0
VN30,2023-10-13 00:00,1158.34,1167.61,1152.58,1166.66,149266866.0
VN30,2023-10-16 00:00,1165.75,1168.02,1151.13,1153.21,173311248.0
VN30,2023-10-17 00:00,1157.63,1160.3,1141.03,1141.03,141812286.0
VN30,2023-10-18 00:00,1143.95,1144.89,1108.68,1125.56,233779669.0
VN30,2023-10-19 00:00,1126.67,1126.86,1104.89,1104.89,167054358.0
VN30,2023-10-20 00:00,1104.83,1125.63,1094.78,1123.69,155018429.0
VN30,2023-10-23 00:00,1122.73,1123.28,1099.34,1106.85,131347897.0
VN30,2023-10-24 00:00,1109.18,1121.39,1102.05,1117.12,111176687.0
VN30,2023-10-25 00:00,1117.92,1124.85,1113.28,1113.32,105667769.0
VN30,2023-10-26 00:00,1092.56,1094.96,1056.32,1064.95,311965987.0
VN30,2023-10-27 00:00,1070.98,1074.01,1050.32,1067.57,169788227.0
VN30,2023-10-30 00:00,1063.14,1066.38,1047.63,1047.63,130483713.0
VN30,2023-10-31 00:00,1049.56,1053.05,1034.12,1039.38,192430267.0
VN30,2023-11-01 00:00,1038.9,1051.65,1034.04,1051.65,166634386.0
VN30,2023-11-02 00:00,1052.14,1087.5,1052.14,1087.5,195290707.0
VN30,2023-11-03 00:00,1088.31,1095.71,1082.83,1086.19,204025758.0
VN30,2023-11-06 00:00,1094.14,1104.04,1093.62,1103.52,169880988.0
VN30,2023-11-07 00:00,1100.4,1101.7,1091.38,1092.71,133939557.0
VN30,2023-11-08 00:00,1092.51,1129.95,1086.85,1129.95,233543138.0
VN30,2023-11-09 00:00,1130.64,1137.05,1122.72,1122.95,232096393.0
VN30,2023-11-10 00:00,1113.38,1123.66,1107.51,1109.05,206019690.0
VN30,2023-11-13 00:00,1109.14,1114.41,1099.18,1106.72,185290465.0
VN30,2023-11-14 00:00,1112.37,1124.76,1109.79,1119.28,222756879.0
VN30,2023-11-15 00:00,1130.53,1144.88,1128.64,1131.9,271945152.0
VN30,2023-11-16 00:00,1128.57,1132.6,1123.29,1132.6,140348333.0
VN30,2023-11-17 00:00,1135.52,1137.73,1096.44,1103.53,261042642.0
VN30,2023-11-20 00:00,1091.66,1114.63,1085.74,1102.85,172531319.0
VN30,2023-11-21 00:00,1103.6,1113.69,1102.33,1108.6,128481913.0
VN30,2023-11-22 00:00,1109.31,1112.98,1098.21,1109.8,152453759.0
VN30,2023-11-23 00:00,1111.93,1114.87,1082.68,1082.68,170138762.0
VN30,2023-11-24 00:00,1085.26,1087.34,1068.59,1087.34,188316650.0
VN30,2023-11-27 00:00,1086.89,1088.03,1076.62,1078.42,127317305.0
VN30,2023-11-28 00:00,1078.86,1089.4,1068.24,1088.51,132961752.0
VN30,2023-11-29 00:00,1090.14,1097.42,1087.95,1093.16,122280001.0
VN30,2023-11-30 00:00,1091.44,1097.22,1081.7,1081.7,141164328.0
VN30,2023-12-01 00:00,1088.07,1091.17,1077.33,1090.39,123503176.0
VN30,2023-12-04 00:00,1094.42,1111.9,1093.85,1107.16,261994295.0
VN30,2023-12-05 00:00,1108.02,1109.48,1097.05,1100.42,155131809.0
VN30,2023-12-06 00:00,1101.65,1109.27,1100.14,1109.27,157327615.0
VN30,2023-12-07 00:00,1109.67,1115.24,1096.22,1111.35,299792750.0
VN30,2023-12-08 00:00,1111.28,1118.81,1109.67,1114.89,210047135.0
VN30,2023-12-11 00:00,1118.79,1120.07,1111.73,1117.34,149574408.0
VN30,2023-12-12 00:00,1119.26,1121.21,1114.98,1121.21,141934304.0
VN30,2023-12-13 00:00,1123.34,1124.71,1105.71,1106.83,190724747.0
VN30,2023-12-14 00:00,1111.12,1113.01,1102.67,1104.49,155447261.0
VN30,2023-12-15 00:00,1104.94,1107.15,1097.4,1097.4,180912226.0
VN30,2023-12-18 00:00,1098.77,1099.41,1082.8,1084.67,150883863.0
VN30,2023-12-19 00:00,1083.6,1091.87,1076.36,1091.87,147506433.0
VN30,2023-12-20 00:00,1092.29,1097.49,1088.63,1097.01,117102622.0
VN30,2023-12-21 00:00,1092.75,1097.82,1089.59,1097.43,107806129.0
VN30,2023-12-22 00:00,1097.23,1099.53,1093.19,1097.45,138311948.0
VN30,2023-12-25 00:00,1099.72,1113.73,1099.44,1111.86,136663783.0
VN30,2023-12-26 00:00,1112.4,1117.33,1111.11,1115.52,151865279.0
VN30,2023-12-27 00:00,1116.48,1120.56,1115.78,1115.94,128757872.0
VN30,2023-12-28 00:00,1116.66,1129.33,1115.17,1128.51,167306701.0
VN30,2023-12-29 00:00,1130.89,1136.02,1130.09,1131.46,179366501.0
VN30,2024-01-02 00:00,1137.11,1140.11,1129.78,1131.64,184210752.0
VN30,2024-01-03 00:00,1131.57,1144.85,1126.57,1144.85,179565525.0
VN30,2024-01-04 00:00,1145.72,1167.27,1144.57,1156.37,422364989.0
VN30,2024-01-05 00:00,1156.71,1161.53,1152.79,1161.14,229464256.0
VN30,2024-01-08 00:00,1164.43,1169.95,1159.73,1163.52,234279491.0
VN30,2024-01-09 00:00,1163.61,1164.86,1156.01,1160.21,221068483.0
VN30,2024-01-10 00:00,1160.5,1168.93,1158.53,1162.68,349931600.0
VN30,2024-01-11 00:00,1164.8,1172.49,1159.52,1163.56,258196468.0
VN30,2024-01-12 00:00,1161.72,1167.94,1149.61,1163.66,373055416.0
VN30,2024-01-15 00:00,1168.07,1172.16,1161.3,1161.3,197943680.0
VN30,2024-01-16 00:00,1157.85,1170.19,1155.25,1170.19,198550383.0
VN30,2024-01-17 00:00,1169.52,1177.01,1165.32,1166.61,220143658.0
VN30,2024-01-18 00:00,1168.44,1175.6,1166.29,1173.91,180032119.0
VN30,2024-01-19 00:00,1176.62,1185.23,1176.54,1185.23,220716840.0
VN30,2024-01-22 00:00,1189.98,1192.57,1183.04,1189.56,257372555.0
VN30,2024-01-23 00:00,1191.54,1193.19,1180.91,1183.85,200035084.0
VN30,2024-01-24 00:00,1182.22,1188.11,1178.53,1179.45,216756637.0
VN30,2024-01-25 00:00,1180.64,1180.68,1174.11,1177.52,148364955.0
VN30,2024-01-26 00:00,1180.02,1184.9,1180.02,1182.82,141315892.0
VN30,2024-01-29 00:00,1184.54,1185.62,1178.29,1179.17,150598662.0
VN30,2024-01-30 00:00,1178.9,1182.49,1176.91,1181.71,153300171.0
VN30,2024-01-31 00:00,1183.54,1185.27,1163.51,1166.33,389553400.0
VN30,2024-02-01 00:00,1165.05,1175.62,1164.77,1173.35,158584555.0
VN30,2024-02-02 00:00,1174.02,1178.85,1171.62,1174.76,220054030.0
VN30,2024-02-05 00:00,1176.74,1201.33,1176.3,1197.36,293815324.0
VN30,2024-02-06 00:00,1199.73,1203.83,1196.66,1199.17,157940883.0
VN30,2024-02-07 00:00,1201.39,1214.54,1201.04,1212.7,201440282.0
VN30,2024-02-15 00:00,1213.84,1226.09,1213.84,1217.12,288228335.0
VN30,2024-02-16 00:00,1221.31,1224.54,1217.46,1224.54,209278015.0
VN30,2024-02-19 00:00,1228.71,1240.2,1226.97,1240.2,328636110.0
VN30,2024-02-20 00:00,1241.93,1243.81,1235.86,1241.65,245380129.0
VN30,2024-02-21 00:00,1241.01,1248.23,1233.97,1242.08,305636794.0
VN30,2024-02-22 00:00,1242.15,1243.58,1236.29,1239.9,237896281.0
VN30,2024-02-23 00:00,1241.28,1256.11,1222.94,1223.09,466366539.0
VN30,2024-02-26 00:00,1223.83,1234.52,1220.3,1233.31,249972764.0
VN30,2024-02-27 00:00,1238.55,1248.24,1235.15,1247.91,337007762.0
VN30,2024-02-28 00:00,1252.14,1265.35,1246.63,1265.35,296665539.0
VN30,2024-02-29 00:00,1268.94,1276.9,1258.26,1265.75,338012860.0
VN30,2024-03-01 00:00,1267.31,1269.07,1258.83,1267.07,256603884.0
VN30,2024-03-04 00:00,1271.05,1275.36,1262.9,1268.53,288592231.0
VN30,2024-03-05 00:00,1269.5,1280.17,1264.84,1280.17,253425469.0
VN30,2024-03-06 00:00,1280.38,1288.06,1264.44,1271.07,290875372.0
VN30,2024-03-07 00:00,1271.63,1279.92,1266.52,1276.56,249420163.0
VN30,2024-03-08 00:00,1277.31,1281.52,1250.2,1250.2,420769614.0
VN30,2024-03-11 00:00,1250.08,1255.3,1232.97,1235.12,284702195.0
VN30,2024-03-12 00:00,1233.81,1244.95,1232.4,1242.23,232078065.0
VN30,2024-03-13 00:00,1242.24,1272.28,1242.24,1272.28,228409219.0
VN30,2024-03-14 00:00,1272.36,1277.29,1254.72,1260.32,258852762.0
VN30,2024-03-15 00:00,1258.22,1264.77,1244.01,1256.42,260823383.0
VN30,2024-03-18 00:00,1256.37,1258.38,1215.67,1235.74,407224475.0
VN30,2024-03-19 00:00,1235.48,1241.23,1229.02,1234.74,197276682.0
VN30,2024-03-20 00:00,1236.45,1262.31,1228.49,1259.06,295539632.0
VN30,2024-03-21 00:00,1267.37,1281.57,1264.28,1281.57,273365791.0
VN30,2024-03-22 00:00,1287.63,1295.79,1276.81,1284.14,346130381.0
VN30,2024-03-25 00:00,1283.64,1288.91,1266.97,1270.0,269977669.0
VN30,2024-03-26 00:00,1270.84,1287.89,1266.79,1286.23,210205565.0
VN30,2024-03-27 00:00,1288.19,1290.76,1279.68,1288.77,188560735.0
VN30,2024-03-28 00:00,1294.29,1306.42,1294.29,1303.2,274262664.0
VN30,2024-03-29 00:00,1305.41,1306.01,1294.97,1296.9,217347567.0
VN30,2024-04-01 00:00,1293.36,1298.59,1284.2,1292.62,228103864.0
VN30,2024-04-02 00:00,1283.11,1292.3,1273.16,1292.3,365573781.0
VN30,2024-04-03 00:00,1287.64,1290.84,1273.15,1274.27,257612203.0
VN30,2024-04-04 00:00,1274.22,1278.67,1267.47,1267.65,259280005.0
VN30,2024-04-05 00:00,1258.11,1265.65,1251.84,1257.78,258342983.0
VN30,2024-04-08 00:00,1257.23,1260.17,1248.24,1254.72,222261511.0
VN30,2024-04-09 00:00,1255.84,1266.92,1252.58,1266.92,173440696.0
VN30,2024-04-10 00:00,1271.37,1276.08,1263.82,1263.82,195740068.0
VN30,2024-04-11 00:00,1262.96,1266.71,1254.64,1262.86,169987295.0
VN30,2024-04-12 00:00,1263.17,1285.3,1262.41,1284.74,248493587.0
VN30,2024-04-15 00:00,1283.98,1287.46,1227.9,1227.9,462725474.0
VN30,2024-04-16 00:00,1228.32,1234.28,1209.99,1232.7,353528123.0
VN30,2024-04-17 00:00,1232.89,1237.08,1209.42,1210.74,234248894.0
VN30,2024-04-19 00:00,1207.21,1210.32,1186.51,1194.03,300084462.0
VN30,2024-04-22 00:00,1204.41,1214.24,1200.15,1206.64,190045823.0
VN30,2024-04-23 00:00,1207.76,1213.96,1191.61,1200.37,252498198.0
VN30,2024-04-24 00:00,1210.05,1234.87,1207.92,1232.17,215546916.0
VN30,2024-04-25 00:00,1235.25,1236.99,1226.76,1233.72,157774684.0
VN30,2024-04-26 00:00,1227.69,1245.52,1225.55,1240.5,188734337.0
VN30,2024-05-02 00:00,1244.15,1248.41,1239.02,1247.21,167952125.0
VN30,2024-05-03 00:00,1248.5,1259.83,1248.5,1255.62,208947991.0
VN30,2024-05-06 00:00,1262.41,1274.62,1256.67,1274.62,205652713.0
VN30,2024-05-07 00:00,1279.29,1285.43,1272.63,1284.85,169029442.0
VN30,2024-05-08 00:00,1279.2,1285.12,1269.97,1284.85,253788791.0
VN30,2024-05-09 00:00,1287.23,1289.92,1274.57,1281.47,194390060.0
VN30,2024-05-10 00:00,1284.88,1285.22,1268.91,1277.47,166064216.0
VN30,2024-05-13 00:00,1280.1,1281.58,1266.27,1272.53,164004436.0
VN30,2024-05-14 00:00,1281.65,1287.51,1276.04,1277.31,179556934.0
VN30,2024-05-15 00:00,1283.65,1294.71,1282.61,1289.97,225974350.0
VN30,2024-05-16 00:00,1300.56,1311.4,1296.77,1308.27,303395325.0
VN30,2024-05-17 00:00,1309.42,1312.95,1304.14,1310.15,269941977.0
VN30,2024-05-20 00:00,1317.61,1322.13,1312.55,1312.55,289345790.0
VN30,2024-05-21 00:00,1311.36,1313.19,1297.51,1308.62,232915478.0
VN30,2024-05-22 00:00,1307.53,1311.11,1288.47,1291.46,289102183.0
VN30,2024-05-23 00:00,1290.38,1304.76,1283.26,1304.76,229337631.0
VN30,2024-05-24 00:00,1304.74,1309.89,1272.98,1283.46,397345652.0
VN30,2024-05-27 00:00,1286.97,1288.75,1275.98,1284.88,194124854.0
VN30,2024-05-28 00:00,1291.18,1299.75,1285.83,1299.75,214495238.0
VN30,2024-05-29 00:00,1301.3,1302.56,1284.02,1284.02,247325302.0
VN30,2024-05-30 00:00,1279.32,1280.5,1263.44,1279.29,283100144.0
VN30,2024-05-31 00:00,1280.08,1283.3,1273.85,1275.97,164303863.0
VN30,2024-06-03 00:00,1285.07,1301.64,1284.95,1297.78,282355532.0
VN30,2024-06-04 00:00,1305.12,1306.96,1298.4,1300.99,233863454.0
VN30,2024-06-05 00:00,1302.07,1313.11,1299.66,1299.66,243606113.0
VN30,2024-06-06 00:00,1303.85,1308.43,1296.37,1302.28,270677056.0
VN30,2024-06-07 00:00,1303.32,1314.56,1302.53,1308.03,164173769.0
VN30,2024-06-10 00:00,1314.28,1319.06,1306.53,1311.1,223824060.0
VN30,2024-06-11 00:00,1315.48,1318.09,1301.43,1308.3,277035267.0
VN30,2024-06-12 00:00,1308.89,1331.81,1305.27,1331.81,297153491.0
VN30,2024-06-13 00:00,1331.91,1339.17,1327.79,1333.85,356920322.0
VN30,2024-06-14 00:00,1336.35,1338.59,1316.46,1316.46,313325426.0
VN30,2024-06-17 00:00,1317.64,1318.16,1305.5,1309.7,256244289.0
VN30,2024-06-18 00:00,1314.39,1320.8,1309.89,1309.89,226095617.0
VN30,2024-06-19 00:00,1313.51,1319.31,1300.67,1314.22,265123277.0
VN30,2024-06-20 00:00,1316.78,1326.88,1311.43,1322.36,309960560.0
VN30,2024-06-21 00:00,1323.77,1324.81,1316.07,1319.93,227840302.0
VN30,2024-06-24 00:00,1317.31,1319.51,1287.26,1289.85,364007809.0
VN30,2024-06-25 00:00,1290.12,1293.28,1281.89,1288.8,203047565.0
VN30,2024-06-26 00:00,1291.04,1294.12,1276.44,1291.3,206768835.0
VN30,2024-06-27 00:00,1288.88,1290.8,1282.24,1289.03,170188698.0
VN30,2024-06-28 00:00,1289.31,1290.97,1272.27,1278.32,234238197.0
VN30,2024-07-01 00:00,1278.22,1285.48,1271.2,1285.48,165196885.0
VN30,2024-07-02 00:00,1288.21,1300.58,1286.07,1296.06,190036901.0
VN30,2024-07-03 00:00,1296.08,1309.4,1296.08,1305.5,200710794.0
VN30,2024-07-04 00:00,1309.16,1313.01,1304.31,1310.63,170979892.0
VN30,2024-07-05 00:00,1310.82,1316.7,1307.98,1316.18,178867189.0
VN30,2024-07-08 00:00,1317.01,1319.27,1309.55,1315.83,207552317.0
VN30,2024-07-09 00:00,1315.35,1322.21,1309.15,1321.78,256120759.0
VN30,2024-07-10 00:00,1322.24,1324.91,1310.91,1310.91,211629452.0
VN30,2024-07-11 00:00,1315.08,1318.15,1306.22,1306.22,197288500.0
VN30,2024-07-12 00:00,1304.75,1312.24,1298.45,1301.81,161682312.0
VN30,2024-07-15 00:00,1301.83,1307.3,1294.03,1297.82,149406219.0
VN30,2024-07-16 00:00,1298.14,1309.75,1298.14,1303.3,202983873.0
VN30,2024-07-17 00:00,1308.6,1324.55,1291.5,1305.37,462719717.0
VN30,2024-07-18 00:00,1305.25,1308.67,1290.05,1306.38,236975609.0
VN30,2024-07-19 00:00,1307.75,1314.15,1296.61,1302.32,302809431.0
VN30,2024-07-22 00:00,1299.69,1305.96,1288.59,1299.31,271059894.0
VN30,2024-07-23 00:00,1301.57,1304.81,1277.39,1278.67,257460914.0
VN30,2024-07-24 00:00,1274.42,1284.18,1262.77,1280.51,240127473.0
VN30,2024-07-25 00:00,1271.75,1275.49,1265.88,1272.18,170972733.0
VN30,2024-07-26 00:00,1273.66,1281.84,1272.59,1281.84,141812544.0
VN30,2024-07-29 00:00,1287.85,1292.33,1285.04,1285.73,136049684.0
VN30,2024-07-30 00:00,1285.65,1289.78,1279.24,1287.82,166119556.0
VN30,2024-07-31 00:00,1289.45,1300.74,1288.83,1299.09,244333903.0
VN30,2024-08-01 00:00,1303.05,1303.86,1266.73,1272.0,291956717.0
VN30,2024-08-02 00:00,1269.67,1281.01,1253.68,1281.01,249884772.0
VN30,2024-08-05 00:00,1262.68,1264.87,1226.37,1232.11,363296062.0
VN30,2024-08-06 00:00,1243.81,1256.23,1232.19,1252.81,221784032.0
VN30,2024-08-07 00:00,1259.22,1259.39,1245.46,1253.58,220167515.0
VN30,2024-08-08 00:00,1247.89,1256.36,1238.41,1243.31,223330463.0
VN30,2024-08-09 00:00,1250.37,1265.94,1248.85,1264.84,178460997.0
VN30,2024-08-12 00:00,1267.05,1273.16,1259.6,1271.44,164203291.0
VN30,2024-08-13 00:00,1269.09,1272.21,1262.91,1268.72,165310687.0
VN30,2024-08-14 00:00,1272.86,1275.26,1268.69,1270.38,145861205.0
VN30,2024-08-15 00:00,1270.0,1272.25,1263.44,1265.32,145178667.0
VN30,2024-08-16 00:00,1266.95,1291.89,1266.95,1291.68,282988629.0
VN30,2024-08-19 00:00,1296.6,1301.88,1294.21,1299.04,183540684.0
VN30,2024-08-20 00:00,1300.32,1309.41,1299.86,1305.25,221894256.0
VN30,2024-08-21 00:00,1302.26,1318.19,1300.28,1317.69,279368449.0
VN30,2024-08-22 00:00,1320.79,1322.67,1315.42,1318.57,213012178.0
VN30,2024-08-23 00:00,1320.41,1323.9,1311.1,1321.15,182663142.0
VN30,2024-08-26 00:00,1323.26,1326.85,1316.17,1318.6,235792118.0
VN30,2024-08-27 00:00,1317.85,1324.57,1315.97,1322.28,202158302.0
VN30,2024-08-28 00:00,1325.77,1327.64,1320.18,1323.54,190923439.0
VN30,2024-08-29 00:00,1322.93,1332.27,1322.93,1326.67,217347982.0
VN30,2024-08-30 00:00,1328.5,1333.56,1327.61,1331.52,155237077.0
VN30,2024-09-04 00:00,1319.88,1321.32,1311.4,1317.71,205906074.0
VN30,2024-09-05 00:00,1318.31,1322.56,1306.76,1309.05,213437050.0
VN30,2024-09-06 00:00,1309.72,1315.63,1304.78,1315.39,184780547.0
VN30,2024-09-09 00:00,1310.11,1310.64,1303.04,1307.15,160991167.0
VN30,2024-09-10 00:00,1309.56,1312.49,1291.16,1294.06,208223857.0
VN30,2024-09-11 00:00,1292.14,1298.37,1285.66,1293.88,146913357.0
VN30,2024-09-12 00:00,1298.83,1301.83,1296.16,1297.61,146456477.0
VN30,2024-09-13 00:00,1297.84,1298.56,1291.82,1294.3,118541852.0
VN30,2024-09-16 00:00,1292.54,1298.79,1281.37,1281.37,150620193.0
VN30,2024-09-17 00:00,1282.84,1303.65,1281.16,1303.65,141621635.0
VN30,2024-09-18 00:00,1304.91,1317.7,1302.07,1310.94,233398335.0
VN30,2024-09-19 00:00,1315.17,1319.41,1312.28,1318.41,171833481.0
VN30,2024-09-20 00:00,1325.02,1336.79,1324.9,1326.0,394612767.0
VN30,2024-09-23 00:00,1329.93,1333.73,1320.95,1321.12,183339613.0
VN30,2024-09-24 00:00,1320.58,1330.87,1318.29,1330.87,210486812.0
VN30,2024-09-25 00:00,1337.8,1344.07,1334.06,1344.07,359663324.0
VN30,2024-09-26 00:00,1346.43,1359.71,1344.01,1350.85,414235571.0
VN30,2024-09-27 00:00,1355.13,1361.2,1346.91,1352.57,401118069.0
VN30,2024-09-30 00:00,1351.21,1354.91,1346.18,1352.56,268322060.0
VN30,2024-10-01 00:00,1355.22,1370.14,1355.22,1358.88,353836591.0
VN30,2024-10-02 00:00,1354.67,1361.46,1350.92,1354.51,259977920.0
VN30,2024-10-03 00:00,1355.78,1371.67,1345.28,1346.46,411334098.0
VN30,2024-10-04 00:00,1347.32,1348.23,1336.21,1336.21,238351583.0
VN30,2024-10-07 00:00,1342.85,1345.76,1328.45,1335.48,189850931.0
VN30,2024-10-08 00:00,1337.9,1344.38,1331.61,1339.05,253424661.0
VN30,2024-10-09 00:00,1340.56,1352.52,1338.93,1351.97,304902526.0
VN30,2024-10-10 00:00,1355.69,1370.15,1355.69,1360.58,295140904.0
VN30,2024-10-11 00:00,1361.88,1364.59,1355.07,1362.5,194357519.0
VN30,2024-10-14 00:00,1362.84,1373.66,1357.65,1358.76,229716291.0
VN30,2024-10-15 00:00,1360.5,1367.55,1353.1,1356.09,254927808.0
VN30,2024-10-16 00:00,1355.01,1358.07,1350.45,1354.1,174983940.0
VN30,2024-10-17 00:00,1357.31,1362.89,1346.14,1362.89,225931120.0
VN30,2024-10-18 00:00,1368.11,1372.66,1360.64,1362.69,272869247.0
VN30,2024-10-21 00:00,1361.28,1366.36,1358.03,1358.03,193991139.0
VN30,2024-10-22 00:00,1357.42,1359.4,1344.1,1348.92,292794928.0
VN30,2024-10-23 00:00,1348.93,1351.72,1340.13,1349.72,225546924.0
VN30,2024-10-24 00:00,1349.22,1351.59,1329.62,1329.62,257210203.0
VN30,2024-10-25 00:00,1333.77,1334.78,1322.69,1325.54,210051560.0
VN30,2024-10-28 00:00,1324.7,1328.57,1322.97,1328.33,144666889.0
VN30,2024-10-29 00:00,1328.92,1335.76,1328.92,1335.76,170426460.0
VN30,2024-10-30 00:00,1337.16,1338.47,1327.14,1333.85,187839369.0
VN30,2024-10-31 00:00,1334.1,1341.01,1328.19,1338.6,198236654.0
VN30,2024-11-01 00:00,1333.76,1336.08,1324.42,1325.62,210951810.0
VN30,2024-11-04 00:00,1325.94,1326.99,1311.03,1312.64,232321999.0
VN30,2024-11-05 00:00,1312.43,1317.6,1311.85,1313.35,120033257.0
VN30,2024-11-06 00:00,1314.11,1331.53,1314.11,1329.56,171897126.0
VN30,2024-11-07 00:00,1335.07,1336.29,1325.87,1326.65,139587713.0
VN30,2024-11-08 00:00,1331.32,1331.51,1312.83,1317.34,194404101.0
VN30,2024-11-11 00:00,1317.34,1318.71,1298.78,1310.46,302691524.0
VN30,2024-11-12 00:00,1312.55,1315.8,1297.99,1301.95,184967955.0
VN30,2024-11-13 00:00,1299.52,1305.42,1290.61,1304.04,197320391.0
VN30,2024-11-14 00:00,1300.43,1303.71,1286.52,1286.65,186348921.0
VN30,2024-11-15 00:00,1283.78,1284.3,1270.44,1271.22,253412855.0
VN30,2024-11-18 00:00,1270.71,1277.8,1255.16,1270.23,236321999.0
VN30,2024-11-19 00:00,1272.23,1273.49,1259.0,1259.08,169483219.0
VN30,2024-11-20 00:00,1258.25,1277.67,1250.67,1271.73,214170568.0
VN30,2024-11-21 00:00,1272.4,1286.67,1266.45,1286.67,193836315.0
VN30,2024-11-22 00:00,1286.98,1292.21,1284.01,1286.07,155395520.0
VN30,2024-11-25 00:00,1286.46,1293.3,1285.82,1291.94,139643027.0
VN30,2024-11-26 00:00,1292.84,1304.34,1292.27,1299.22,140988118.0
VN30,2024-11-27 00:00,1297.28,1303.99,1296.94,1301.06,113560866.0
VN30,2024-11-28 00:00,1305.79,1310.41,1298.43,1301.52,145728588.0
VN30,2024-11-29 00:00,1301.34,1311.67,1298.64,1311.26,136568636.0
VN30,2024-12-02 00:00,1315.77,1317.76,1303.51,1308.83,120881670.0
VN30,2024-12-03 00:00,1308.4,1312.0,1300.67,1309.18,161944668.0
VN30,2024-12-04 00:00,1304.74,1305.06,1297.49,1297.81,145299121.0
VN30,2024-12-05 00:00,1299.95,1337.55,1295.73,1337.55,275185721.0
VN30,2024-12-06 00:00,1337.06,1341.57,1334.35,1337.28,197227509.0
VN30,2024-12-09 00:00,1337.23,1343.05,1330.52,1336.18,157523361.0
VN30,2024-12-10 00:00,1335.95,1339.7,1332.47,1335.85,160848721.0
VN30,2024-12-11 00:00,1335.88,1342.7,1329.84,1336.48,181640145.0
VN30,2024-12-12 00:00,1336.6,1344.37,1333.45,1335.55,184357743.0
VN30,2024-12-13 00:00,1333.8,1334.81,1328.87,1331.58,131589707.0
VN30,2024-12-16 00:00,1331.95,1335.4,1325.07,1331.82,124755254.0
VN30,2024-12-17 00:00,1332.88,1332.96,1325.14,1327.63,101483105.0
VN30,2024-12-18 00:00,1328.1,1331.73,1325.91,1329.83,102135225.0
VN30,2024-12-19 00:00,1329.35,1329.35,1309.17,1314.16,239676624.0
VN30,2024-12-20 00:00,1315.86,1318.48,1313.3,1317.77,128059784.0
VN30,2024-12-23 00:00,1321.49,1326.0,1320.82,1323.02,109750257.0
VN30,2024-12-24 00:00,1323.61,1323.9,1315.01,1323.27,118990395.0
VN30,2024-12-25 00:00,1323.33,1350.07,1323.33,1342.48,251337849.0
VN30,2024-12-26 00:00,1344.14,1346.47,1339.51,1342.68,162041224.0
VN30,2024-12-27 00:00,1342.88,1348.83,1341.75,1346.84,216552622.0
VN30,2024-12-30 00:00,1344.92,1347.35,1337.86,1347.35,139274745.0
VN30,2024-12-31 00:00,1346.66,1346.99,1341.15,1344.75,139181336.0
VN30,2025-01-02 00:00,1344.76,1347.14,1334.39,1343.2,135245961.0
VN30,2025-01-03 00:00,1341.15,1341.3,1320.58,1320.58,169361320.0
VN30,2025-01-06 00:00,1320.14,1325.73,1313.04,1313.04,160285367.0
VN30,2025-01-07 00:00,1316.62,1322.23,1309.55,1315.28,164108312.0
VN30,2025-01-08 00:00,1314.09,1316.63,1306.69,1316.63,124521673.0
VN30,2025-01-09 00:00,1316.35,1318.87,1307.55,1310.8,107116382.0
VN30,2025-01-10 00:00,1310.35,1312.32,1293.23,1293.23,168827790.0
VN30,2025-01-13 00:00,1287.64,1298.34,1282.57,1298.34,144986288.0
VN30,2025-01-14 00:00,1295.79,1297.32,1285.32,1289.23,114294097.0
VN30,2025-01-15 00:00,1295.66,1300.37,1291.73,1297.64,117689154.0
VN30,2025-01-16 00:00,1303.41,1307.82,1293.19,1303.25,145711626.0
VN30,2025-01-17 00:00,1302.79,1313.48,1298.85,1313.48,112063234.0
VN30,2025-01-20 00:00,1313.26,1319.06,1311.5,1316.95,125989347.0
VN30,2025-01-21 00:00,1321.3,1323.27,1309.41,1314.81,127673321.0
VN30,2025-01-22 00:00,1317.91,1318.25,1309.72,1309.72,128079465.0
VN30,2025-01-23 00:00,1309.92,1339.48,1309.92,1332.54,206537687.0
VN30,2025-01-24 00:00,1332.2,1339.55,1330.29,1337.59,149682205.0
VN30,2025-02-03 00:00,1326.19,1326.19,1311.4,1315.46,184653055.0
VN30,2025-02-04 00:00,1320.61,1327.61,1317.42,1327.21,184527293.0
VN30,2025-02-05 00:00,1330.28,1334.58,1326.77,1331.35,152340206.0
VN30,2025-02-06 00:00,1336.42,1340.92,1333.45,1336.59,175154373.0
VN30,2025-02-07 00:00,1337.13,1345.26,1332.68,1340.8,194063003.0
VN30,2025-02-10 00:00,1336.47,1343.09,1327.15,1330.88,283969588.0
VN30,2025-02-11 00:00,1333.7,1338.4,1329.15,1338.4,237682494.0
VN30,2025-02-12 00:00,1341.47,1343.44,1335.35,1335.68,131278165.0
VN30,2025-02-13 00:00,1334.7,1338.33,1329.56,1337.78,139211699.0
VN30,2025-02-14 00:00,1339.22,1347.98,1338.0,1340.52,185769477.0
VN30,2025-02-17 00:00,1341.18,1342.89,1334.01,1334.01,181088302.0
VN30,2025-02-18 00:00,1335.56,1346.8,1332.62,1337.39,177086547.0
VN30,2025-02-19 00:00,1338.47,1346.67,1335.26,1344.64,173393300.0
VN30,2025-02-20 00:00,1348.11,1351.52,1345.43,1349.45,207915175.0
VN30,2025-02-21 00:00,1349.81,1355.09,1347.86,1353.73,230690091.0
VN30,2025-02-24 00:00,1357.3,1364.52,1352.52,1364.52,296883740.0
VN30,2025-02-25 00:00,1365.87,1369.32,1356.21,1360.56,270435309.0
VN30,2025-02-26 00:00,1362.06,1364.91,1358.79,1360.56,213402380.0
VN30,2025-02-27 00:00,1363.37,1364.27,1351.05,1363.62,232269512.0
VN30,2025-02-28 00:00,1360.55,1361.66,1351.09,1356.43,237594806.0
VN30,2025-03-03 00:00,1356.43,1362.8,1355.12,1361.16,261024230.0
VN30,2025-03-04 00:00,1357.55,1369.5,1350.11,1367.97,296617110.0
VN30,2025-03-05 00:00,1369.62,1379.66,1363.91,1363.91,269498214.0
VN30,2025-03-06 00:00,1368.13,1380.12,1367.82,1379.62,283060312.0
VN30,2025-03-07 00:00,1381.51,1390.98,1378.38,1389.77,328660813.0
VN30,2025-03-10 00:00,1394.81,1400.13,1387.23,1391.07,307626205.0
VN30,2025-03-11 00:00,1378.44,1393.57,1375.44,1393.57,267268434.0
VN30,2025-03-12 00:00,1397.4,1400.45,1387.35,1392.39,268135601.0
VN30,2025-03-13 00:00,1393.93,1400.6,1385.24,1387.3,348831063.0
VN30,2025-03-14 00:00,1387.08,1394.39,1385.2,1387.03,374746690.0
VN30,2025-03-17 00:00,1392.75,1397.28,1389.42,1394.9,352390462.0
VN30,2025-03-18 00:00,1398.44,1400.38,1388.64,1388.64,291777344.0
VN30,2025-03-19 00:00,1385.92,1386.57,1374.83,1377.63,363636853.0
VN30,2025-03-20 00:00,1382.23,1388.37,1371.98,1378.95,360187463.0
VN30,2025-03-21 00:00,1379.05,1381.25,1375.68,1378.27,281382199.0
VN30,2025-03-24 00:00,1379.27,1390.7,1372.71,1390.7,351529037.0
VN30,2025-03-25 00:00,1391.01,1398.29,1386.28,1388.79,303958101.0
VN30,2025-03-26 00:00,1390.15,1396.34,1379.39,1381.47,300611767.0
VN30,2025-03-27 00:00,1380.95,1384.75,1378.87,1380.26,222832515.0
VN30,2025-03-28 00:00,1380.2,1381.26,1369.83,1373.93,208184101.0
VN30,2025-03-31 00:00,1368.95,1369.07,1360.66,1363.88,270618408.0
VN30,2025-04-01 00:00,1369.18,1376.91,1363.6,1376.91,212343999.0
VN30,2025-04-02 00:00,1381.03,1384.38,1376.54,1376.94,236793252.0
VN30,2025-04-03 00:00,1342.46,1342.46,1282.99,1283.18,811106220.0
VN30,2025-04-04 00:00,1269.06,1280.52,1208.42,1280.52,867856431.0
VN30,2025-04-08 00:00,1241.58,1245.51,1193.47,1197.51,558266636.0
VN30,2025-04-09 00:00,1182.91,1220.73,1133.9,1168.68,667720931.0
VN30,2025-04-10 00:00,1248.92,1249.29,1248.1,1249.29,55435201.0
VN30,2025-04-11 00:00,1268.12,1310.02,1265.26,1309.94,743354518.0
VN30,2025-04-14 00:00,1318.17,1329.06,1310.63,1325.87,394180470.0
VN30,2025-04-15 00:00,1314.3,1329.99,1303.29,1310.76,385242095.0
VN30,2025-04-16 00:00,1310.07,1318.86,1288.06,1293.25,286928695.0
VN30,2025-04-17 00:00,1286.11,1304.47,1283.47,1303.03,278893951.0
VN30,2025-04-18 00:00,1313.42,1322.26,1306.24,1306.24,409781269.0
VN30,2025-04-21 00:00,1305.81,1310.59,1287.02,1294.29,327239496.0
VN30,2025-04-22 00:00,1287.55,1292.67,1216.35,1290.38,641676880.0
VN30,2025-04-23 00:00,1300.25,1311.72,1290.38,1303.04,347261298.0
VN30,2025-04-24 00:00,1306.43,1313.93,1297.21,1311.66,292080861.0
VN30,2025-04-25 00:00,1312.59,1318.66,1304.5,1317.18,384809487.0
VN30,2025-04-28 00:00,1318.09,1321.38,1305.51,1312.32,218591061.0
VN30,2025-04-29 00:00,1310.4,1312.88,1304.74,1309.73,222093864.0
VN30,2025-05-05 00:00,1315.43,1321.68,1309.43,1320.41,206957663.0
VN30,2025-05-06 00:00,1323.33,1331.08,1316.18,1319.66,275527967.0
VN30,2025-05-07 00:00,1317.66,1325.94,1316.27,1324.8,241653068.0
VN30,2025-05-08 00:00,1330.52,1354.08,1324.8,1351.1,324450622.0
VN30,2025-05-09 00:00,1355.06,1363.62,1348.13,1352.25,269928974.0
VN30,2025-05-12 00:00,1358.19,1374.68,1352.03,1372.04,449411114.0
VN30,2025-05-13 00:00,1382.14,1384.01,1370.29,1382.78,370006063.0
VN30,2025-05-14 00:00,1382.54,1400.1,1375.35,1397.87,431685702.0
VN30,2025-05-15 00:00,1398.22,1403.7,1384.67,1401.49,564154888.0
VN30,2025-05-16 00:00,1396.37,1404.13,1382.93,1384.44,303989673.0
VN30,2025-05-19 00:00,1372.87,1391.24,1371.05,1379.75,341011465.0
VN30,2025-05-20 00:00,1383.4,1408.56,1379.75,1407.52,368198652.0
VN30,2025-05-21 00:00,1429.15,1429.43,1407.52,1419.36,410891963.0
VN30,2025-05-22 00:00,1414.16,1432.84,1407.92,1409.56,366294937.0
VN30,2025-05-23 00:00,1408.99,1415.97,1400.83,1409.4,222894432.0
VN30,2025-05-26 00:00,1410.65,1424.01,1374.6,1423.85,332336912.0
VN30,2025-05-27 00:00,1428.68,1430.82,1418.76,1427.45,349862869.0
VN30,2025-05-28 00:00,1429.0,1436.99,1427.02,1432.19,263000447.0
VN30,2025-05-29 00:00,1435.61,1438.03,1424.02,1431.57,291799953.0
VN30,2025-05-30 00:00,1432.69,1436.22,1417.98,1423.68,324398173.0
VN30,2025-06-02 00:00,1421.74,1424.75,1407.73,1423.04,256373994.0
VN30,2025-06-03 00:00,1426.74,1442.55,1423.04,1437.87,344390035.0
VN30,2025-06-04 00:00,1441.0,1442.87,1429.48,1435.28,268871462.0
VN30,2025-06-05 00:00,1434.55,1437.28,1423.41,1432.38,208356792.0
VN30,2025-06-06 00:00,1427.57,1437.24,1412.69,1418.97,280481959.0
VN30,2025-06-09 00:00,1417.55,1418.97,1394.12,1396.56,221093654.0
VN30,2025-06-10 00:00,1392.34,1414.89,1381.43,1404.82,246264841.0
VN30,2025-06-11 00:00,1411.19,1411.95,1390.9,1405.15,167496912.0
VN30,2025-06-12 00:00,1412.25,1418.41,1392.5,1412.16,356731168.0
VN30,2025-06-13 00:00,1397.99,1419.67,1385.02,1401.2,398356869.0
VN30,2025-06-16 00:00,1394.58,1421.27,1382.2,1420.35,310345916.0
VN30,2025-06-17 00:00,1425.47,1440.59,1420.14,1431.39,268914967.0
VN30,2025-06-18 00:00,1432.59,1439.7,1425.74,1432.99,275317419.0
VN30,2025-06-19 00:00,1433.51,1442.46,1426.41,1439.3,252565952.0
VN30,2025-06-20 00:00,1442.13,1443.79,1423.77,1435.19,339884942.0
VN30,2025-06-23 00:00,1426.72,1448.54,1418.81,1448.32,241050507.0
VN30,2025-06-24 00:00,1460.66,1469.01,1448.32,1462.8,327790644.0
VN30,2025-06-25 00:00,1465.61,1470.76,1460.42,1465.36,293885782.0
VN30,2025-06-26 00:00,1468.64,1475.07,1458.98,1463.57,228995712.0
VN30,2025-06-27 00:00,1467.74,1477.89,1459.93,1475.89,281199806.0
VN30,2025-06-30 00:00,1479.09,1481.58,1472.16,1477.56,212317981.0
VN30,2025-07-01 00:00,1479.09,1483.86,1466.97,1476.16,255659150.0
VN30,2025-07-02 00:00,1474.35,1483.02,1468.49,1482.76,246295801.0
VN30,2025-07-03 00:00,1478.93,1493.99,1477.37,1481.2,423626134.0
VN30,2025-07-04 00:00,1484.82,1489.54,1477.29,1488.77,248573076.0
VN30,2025-07-07 00:00,1496.13,1509.81,1488.77,1508.66,568940738.0
VN30,2025-07-08 00:00,1512.72,1529.72,1508.66,1529.27,435179432.0
VN30,2025-07-09 00:00,1535.56,1544.67,1526.77,1543.27,594933272.0
VN30,2025-07-10 00:00,1550.99,1569.4,1543.27,1569.34,433761551.0
VN30,2025-07-11 00:00,1578.39,1601.03,1567.3,1594.01,455688650.0
VN30,2025-07-14 00:00,1613.34,1616.99,1580.8,1605.66,393368620.0
VN30,2025-07-15 00:00,1609.06,1614.13,1593.45,1593.84,442339496.0
VN30,2025-07-16 00:00,1592.87,1614.63,1587.92,1614.42,347232214.0
VN30,2025-07-17 00:00,1621.16,1641.97,1614.42,1634.7,425582315.0
VN30,2025-07-18 00:00,1643.34,1648.18,1625.83,1643.91,459976817.0
VN30,2025-07-21 00:00,1657.49,1663.16,1621.19,1628.06,488738296.0
VN30,2025-07-22 00:00,1626.68,1655.98,1616.16,1655.98,409854761.0
VN30,2025-07-23 00:00,1667.25,1669.14,1650.04,1653.01,491743817.0
VN30,2025-07-24 00:00,1661.92,1663.39,1637.98,1661.23,535686783.0
VN30,2025-07-25 00:00,1658.22,1675.26,1655.36,1669.33,427371217.0
VN30,2025-07-28 00:00,1676.06,1697.14,1664.85,1695.63,646730982.0
VN30,2025-07-29 00:00,1698.52,1702.3,1616.64,1621.29,856058246.0
VN30,2025-07-30 00:00,1631.18,1642.67,1606.54,1630.78,616028512.0
VN30,2025-07-31 00:00,1640.03,1646.75,1602.17,1615.23,643191514.0
VN30,2025-08-01 00:00,1618.76,1621.64,1584.98,1614.11,506721195.0
VN30,2025-08-04 00:00,1610.96,1653.22,1607.13,1653.22,451251955.0
VN30,2025-08-05 00:00,1676.2,1730.14,1653.22,1690.43,1146147784.0
VN30,2025-08-06 00:00,1704.06,1726.58,1690.43,1723.31,542139793.0
VN30,2025-08-07 00:00,1737.62,1742.12,1715.54,1734.85,644627065.0
VN30,2025-08-08 00:00,1739.47,1745.88,1707.9,1729.08,655356113.0
VN30,2025-08-11 00:00,1733.6,1748.67,1726.91,1741.9,610888455.0
VN30,2025-08-12 00:00,1752.13,1756.72,1737.42,1755.25,543592737.0
VN30,2025-08-13 00:00,1762.6,1768.78,1726.89,1753.71,684711682.0
VN30,2025-08-14 00:00,1767.07,1793.84,1753.71,1793.78,773223135.0
VN30,2025-08-15 00:00,1813.43,1827.89,1763.88,1783.25,789100296.0
VN30,2025-08-18 00:00,1791.84,1797.37,1774.47,1786.37,565201454.0
VN30,2025-08-19 00:00,1796.41,1824.81,1786.37,1810.46,661469221.0
VN30,2025-08-20 00:00,1817.71,1833.84,1768.9,1828.46,906979022.0
VN30,2025-08-21 00:00,1840.02,1881.9,1828.46,1874.91,751145479.0
VN30,2025-08-22 00:00,1865.15,1882.23,1794.97,1814.02,967399854.0
VN30,2025-08-25 00:00,1829.6,1835.85,1774.84,1783.12,697781160.0
VN30,2025-08-26 00:00,1783.0,1850.0,1769.54,1849.05,568354072.0
VN30,2025-08-27 00:00,1861.66,1877.27,1841.13,1848.55,633611038.0
VN30,2025-08-28 00:00,1854.31,1866.18,1831.79,1861.2,526443069.0
